{
    "Occupational lung disease": 145.96598899999998,
    "Black lung disease": 136.193294,
    "Hypersensitivity pneumonitis": 102.30190900000001,
    "Chronic obstructive pulmonary disease": 99.406012,
    "Pneumoconiosis": 85.0138636,
    "Bird fancier's lung": 76.16022749999999,
    "Silicosis": 75.51546750000001,
    "Obstructive lung disease": 67.627699,
    "Farmer's lung": 67.589564,
    "Byssinosis": 57.7965595,
    "Occupational asthma": 46.8507765,
    "Acute interstitial pneumonitis": 46.0716935,
    "Bagassosis": 45.445567,
    "Emphysema": 43.869387,
    "Desquamative interstitial pneumonia": 39.083158,
    "Pneumonoultramicroscopicsilicovolcanoconiosis": 38.345101,
    "Bauxite fibrosis": 34.6161833,
    "Pneumonic plague": 33.316551,
    "Bronchitis": 32.989799,
    "Asthma": 31.158926
}